device_name;label;num_tokens;token_dtype;num_classes;in_features;dtype;device;bias;reduction;ignore_index;label_smoothing;message;cpu_mem_gb;cuda_mem_gb;time_ms;loss
NVIDIA GeForce RTX 2060 SUPER-CC7.5-7786MB;PyTorchProjectionPlusCrossEntropyLoss;int:8192;dtype:torch.int64;2048;2048;dtype:torch.float32;cuda;False;mean;-100;0.0;;0.225084;0.293798912;33.96199035644531;7.787349700927734
NVIDIA GeForce RTX 2060 SUPER-CC7.5-7786MB;PyTorchProjectionPlusCrossEntropyLoss;int:8192;dtype:torch.int64;4096;2048;dtype:torch.float32;cuda;False;mean;-100;0.0;;0.226504;0.51190272;59.28182373046875;8.486390113830566
NVIDIA GeForce RTX 2060 SUPER-CC7.5-7786MB;PyTorchProjectionPlusCrossEntropyLoss;int:8192;dtype:torch.int64;8192;2048;dtype:torch.float32;cuda;False;mean;-100;0.0;;0.225316;0.948110336;119.2028076171875;9.18501091003418
NVIDIA GeForce RTX 2060 SUPER-CC7.5-7786MB;PyTorchProjectionPlusCrossEntropyLoss;int:8192;dtype:torch.int64;16384;2048;dtype:torch.float32;cuda;False;mean;-100;0.0;;0.225116;1.820525568;240.9630615234375;9.882548332214355
NVIDIA GeForce RTX 2060 SUPER-CC7.5-7786MB;PyTorchProjectionPlusCrossEntropyLoss;int:8192;dtype:torch.int64;32768;2048;dtype:torch.float32;cuda;False;mean;-100;0.0;;0.224996;3.565356032;488.159326171875;10.565756797790527
NVIDIA GeForce RTX 2060 SUPER-CC7.5-7786MB;PyTorchProjectionPlusCrossEntropyLoss;int:8192;dtype:torch.int64;65536;2048;dtype:torch.float32;cuda;False;mean;-100;0.0;;0.224992;7.05501696;325.21044921875;11.252062797546387
NVIDIA GeForce RTX 2060 SUPER-CC7.5-7786MB;LinearCrossEntropyLoss;int:8192;dtype:torch.int64;2048;2048;dtype:torch.float32;cuda;False;mean;-100;0.0;;0.22518;0.293798912;31.150775146484374;7.787349700927734
NVIDIA GeForce RTX 2060 SUPER-CC7.5-7786MB;LinearCrossEntropyLoss;int:8192;dtype:torch.int64;4096;2048;dtype:torch.float32;cuda;False;mean;-100;0.0;;0.225036;0.51190272;60.21073608398437;8.486390113830566
NVIDIA GeForce RTX 2060 SUPER-CC7.5-7786MB;LinearCrossEntropyLoss;int:8192;dtype:torch.int64;8192;2048;dtype:torch.float32;cuda;False;mean;-100;0.0;;0.225304;0.948110336;120.45364990234376;9.18501091003418
NVIDIA GeForce RTX 2060 SUPER-CC7.5-7786MB;LinearCrossEntropyLoss;int:8192;dtype:torch.int64;16384;2048;dtype:torch.float32;cuda;False;mean;-100;0.0;;0.225176;1.820525568;243.5367431640625;9.882548332214355
NVIDIA GeForce RTX 2060 SUPER-CC7.5-7786MB;LinearCrossEntropyLoss;int:8192;dtype:torch.int64;32768;2048;dtype:torch.float32;cuda;False;mean;-100;0.0;;0.225096;3.565356032;490.752001953125;10.565756797790527
NVIDIA GeForce RTX 2060 SUPER-CC7.5-7786MB;LinearCrossEntropyLoss;int:8192;dtype:torch.int64;65536;2048;dtype:torch.float32;cuda;False;mean;-100;0.0;;0.22498;7.05501696;330.5583190917969;11.252062797546387
NVIDIA GeForce RTX 2060 SUPER-CC7.5-7786MB;FusedProjectionPlusCrossEntropyLoss[n_loop_iters=1];int:8192;dtype:torch.int64;2048;2048;dtype:torch.float32;cuda;False;mean;-100;0.0;;0.26468;0.310608384;31.61396484375;7.785902500152588
NVIDIA GeForce RTX 2060 SUPER-CC7.5-7786MB;FusedProjectionPlusCrossEntropyLoss[n_loop_iters=1];int:8192;dtype:torch.int64;4096;2048;dtype:torch.float32;cuda;False;mean;-100;0.0;;0.26394;0.41127168;60.024407958984376;8.477945327758789
NVIDIA GeForce RTX 2060 SUPER-CC7.5-7786MB;FusedProjectionPlusCrossEntropyLoss[n_loop_iters=1];int:8192;dtype:torch.int64;8192;2048;dtype:torch.float32;cuda;False;mean;-100;0.0;;0.264456;0.612598272;120.011865234375;9.172849655151367
NVIDIA GeForce RTX 2060 SUPER-CC7.5-7786MB;FusedProjectionPlusCrossEntropyLoss[n_loop_iters=1];int:8192;dtype:torch.int64;16384;2048;dtype:torch.float32;cuda;False;mean;-100;0.0;;0.266124;1.015251456;241.1745361328125;9.870903015136719
NVIDIA GeForce RTX 2060 SUPER-CC7.5-7786MB;FusedProjectionPlusCrossEntropyLoss[n_loop_iters=1];int:8192;dtype:torch.int64;32768;2048;dtype:torch.float32;cuda;False;mean;-100;0.0;;0.397196;1.820557824;484.265478515625;10.55263614654541
NVIDIA GeForce RTX 2060 SUPER-CC7.5-7786MB;FusedProjectionPlusCrossEntropyLoss[n_loop_iters=1];int:8192;dtype:torch.int64;65536;2048;dtype:torch.float32;cuda;False;mean;-100;0.0;;0.65934;3.43117056;997.46708984375;11.254060745239258
NVIDIA GeForce RTX 2060 SUPER-CC7.5-7786MB;FusedProjectionPlusCrossEntropyLoss[n_loop_iters=4];int:8192;dtype:torch.int64;2048;2048;dtype:torch.float32;cuda;False;mean;-100;0.0;;0.262888;0.209945088;32.12384948730469;7.785902500152588
NVIDIA GeForce RTX 2060 SUPER-CC7.5-7786MB;FusedProjectionPlusCrossEntropyLoss[n_loop_iters=4];int:8192;dtype:torch.int64;4096;2048;dtype:torch.float32;cuda;False;mean;-100;0.0;;0.263944;0.260276736;62.51472778320313;8.477945327758789
NVIDIA GeForce RTX 2060 SUPER-CC7.5-7786MB;FusedProjectionPlusCrossEntropyLoss[n_loop_iters=4];int:8192;dtype:torch.int64;8192;2048;dtype:torch.float32;cuda;False;mean;-100;0.0;;0.264128;0.360940032;122.34327392578125;9.172849655151367
NVIDIA GeForce RTX 2060 SUPER-CC7.5-7786MB;FusedProjectionPlusCrossEntropyLoss[n_loop_iters=4];int:8192;dtype:torch.int64;16384;2048;dtype:torch.float32;cuda;False;mean;-100;0.0;;0.266124;0.562266624;238.2439697265625;9.870903015136719
NVIDIA GeForce RTX 2060 SUPER-CC7.5-7786MB;FusedProjectionPlusCrossEntropyLoss[n_loop_iters=4];int:8192;dtype:torch.int64;32768;2048;dtype:torch.float32;cuda;False;mean;-100;0.0;;0.397196;0.964919808;477.705712890625;10.55263614654541
NVIDIA GeForce RTX 2060 SUPER-CC7.5-7786MB;FusedProjectionPlusCrossEntropyLoss[n_loop_iters=4];int:8192;dtype:torch.int64;65536;2048;dtype:torch.float32;cuda;False;mean;-100;0.0;;0.65934;1.770226176;1013.86630859375;11.254060745239258
NVIDIA GeForce RTX 2060 SUPER-CC7.5-7786MB;PyTorchProjectionPlusCrossEntropyLoss;int:8192;dtype:torch.int64;2048;2048;dtype:torch.float32;cuda;False;sum;-100;0.0;;0.226452;0.293798912;31.70601806640625;63793.96875
NVIDIA GeForce RTX 2060 SUPER-CC7.5-7786MB;PyTorchProjectionPlusCrossEntropyLoss;int:8192;dtype:torch.int64;4096;2048;dtype:torch.float32;cuda;False;sum;-100;0.0;;0.226516;0.51190272;61.428594970703124;69520.5078125
NVIDIA GeForce RTX 2060 SUPER-CC7.5-7786MB;PyTorchProjectionPlusCrossEntropyLoss;int:8192;dtype:torch.int64;8192;2048;dtype:torch.float32;cuda;False;sum;-100;0.0;;0.22652;0.948110336;122.42249755859375;75243.609375
NVIDIA GeForce RTX 2060 SUPER-CC7.5-7786MB;PyTorchProjectionPlusCrossEntropyLoss;int:8192;dtype:torch.int64;16384;2048;dtype:torch.float32;cuda;False;sum;-100;0.0;;0.226576;1.820525568;247.53486328125;80957.8359375
NVIDIA GeForce RTX 2060 SUPER-CC7.5-7786MB;PyTorchProjectionPlusCrossEntropyLoss;int:8192;dtype:torch.int64;32768;2048;dtype:torch.float32;cuda;False;sum;-100;0.0;;0.226576;3.565356032;500.70595703125;86554.6796875
NVIDIA GeForce RTX 2060 SUPER-CC7.5-7786MB;PyTorchProjectionPlusCrossEntropyLoss;int:8192;dtype:torch.int64;65536;2048;dtype:torch.float32;cuda;False;sum;-100;0.0;;0.226444;7.05501696;332.740234375;92176.8984375
NVIDIA GeForce RTX 2060 SUPER-CC7.5-7786MB;LinearCrossEntropyLoss;int:8192;dtype:torch.int64;2048;2048;dtype:torch.float32;cuda;False;sum;-100;0.0;;0.225052;0.293798912;31.69373474121094;63793.96875
NVIDIA GeForce RTX 2060 SUPER-CC7.5-7786MB;LinearCrossEntropyLoss;int:8192;dtype:torch.int64;4096;2048;dtype:torch.float32;cuda;False;sum;-100;0.0;;0.225292;0.51190272;61.82862548828125;69520.5078125
NVIDIA GeForce RTX 2060 SUPER-CC7.5-7786MB;LinearCrossEntropyLoss;int:8192;dtype:torch.int64;8192;2048;dtype:torch.float32;cuda;False;sum;-100;0.0;;0.225112;0.948110336;122.93453369140624;75243.609375
NVIDIA GeForce RTX 2060 SUPER-CC7.5-7786MB;LinearCrossEntropyLoss;int:8192;dtype:torch.int64;16384;2048;dtype:torch.float32;cuda;False;sum;-100;0.0;;0.225112;1.820525568;248.0641845703125;80957.8359375
NVIDIA GeForce RTX 2060 SUPER-CC7.5-7786MB;LinearCrossEntropyLoss;int:8192;dtype:torch.int64;32768;2048;dtype:torch.float32;cuda;False;sum;-100;0.0;;0.225164;3.565356032;500.9080078125;86554.6796875
NVIDIA GeForce RTX 2060 SUPER-CC7.5-7786MB;LinearCrossEntropyLoss;int:8192;dtype:torch.int64;65536;2048;dtype:torch.float32;cuda;False;sum;-100;0.0;;0.225104;7.05501696;333.0625;92176.8984375
NVIDIA GeForce RTX 2060 SUPER-CC7.5-7786MB;FusedProjectionPlusCrossEntropyLoss[n_loop_iters=1];int:8192;dtype:torch.int64;2048;2048;dtype:torch.float32;cuda;False;sum;-100;0.0;;0.224772;0.310608384;32.017147827148435;63782.11328125
NVIDIA GeForce RTX 2060 SUPER-CC7.5-7786MB;FusedProjectionPlusCrossEntropyLoss[n_loop_iters=1];int:8192;dtype:torch.int64;4096;2048;dtype:torch.float32;cuda;False;sum;-100;0.0;;0.22502;0.41127168;61.223785400390625;69451.328125
NVIDIA GeForce RTX 2060 SUPER-CC7.5-7786MB;FusedProjectionPlusCrossEntropyLoss[n_loop_iters=1];int:8192;dtype:torch.int64;8192;2048;dtype:torch.float32;cuda;False;sum;-100;0.0;;0.225032;0.612598272;121.75531005859375;75143.984375
NVIDIA GeForce RTX 2060 SUPER-CC7.5-7786MB;FusedProjectionPlusCrossEntropyLoss[n_loop_iters=1];int:8192;dtype:torch.int64;16384;2048;dtype:torch.float32;cuda;False;sum;-100;0.0;;0.266124;1.015251456;243.0244384765625;80862.4375
NVIDIA GeForce RTX 2060 SUPER-CC7.5-7786MB;FusedProjectionPlusCrossEntropyLoss[n_loop_iters=1];int:8192;dtype:torch.int64;32768;2048;dtype:torch.float32;cuda;False;sum;-100;0.0;;0.397196;1.820557824;490.102880859375;86447.1953125
NVIDIA GeForce RTX 2060 SUPER-CC7.5-7786MB;FusedProjectionPlusCrossEntropyLoss[n_loop_iters=1];int:8192;dtype:torch.int64;65536;2048;dtype:torch.float32;cuda;False;sum;-100;0.0;;0.65934;3.43117056;1007.20029296875;92193.265625
NVIDIA GeForce RTX 2060 SUPER-CC7.5-7786MB;FusedProjectionPlusCrossEntropyLoss[n_loop_iters=4];int:8192;dtype:torch.int64;2048;2048;dtype:torch.float32;cuda;False;sum;-100;0.0;;0.224764;0.209945088;32.40037231445312;63782.11328125
NVIDIA GeForce RTX 2060 SUPER-CC7.5-7786MB;FusedProjectionPlusCrossEntropyLoss[n_loop_iters=4];int:8192;dtype:torch.int64;4096;2048;dtype:torch.float32;cuda;False;sum;-100;0.0;;0.22502;0.260276736;62.9342041015625;69451.328125
NVIDIA GeForce RTX 2060 SUPER-CC7.5-7786MB;FusedProjectionPlusCrossEntropyLoss[n_loop_iters=4];int:8192;dtype:torch.int64;8192;2048;dtype:torch.float32;cuda;False;sum;-100;0.0;;0.225032;0.360940032;123.07130126953125;75143.984375
NVIDIA GeForce RTX 2060 SUPER-CC7.5-7786MB;FusedProjectionPlusCrossEntropyLoss[n_loop_iters=4];int:8192;dtype:torch.int64;16384;2048;dtype:torch.float32;cuda;False;sum;-100;0.0;;0.266124;0.562266624;239.907275390625;80862.4375
NVIDIA GeForce RTX 2060 SUPER-CC7.5-7786MB;FusedProjectionPlusCrossEntropyLoss[n_loop_iters=4];int:8192;dtype:torch.int64;32768;2048;dtype:torch.float32;cuda;False;sum;-100;0.0;;0.397196;0.964919808;480.491650390625;86447.1953125
NVIDIA GeForce RTX 2060 SUPER-CC7.5-7786MB;FusedProjectionPlusCrossEntropyLoss[n_loop_iters=4];int:8192;dtype:torch.int64;65536;2048;dtype:torch.float32;cuda;False;sum;-100;0.0;;0.65934;1.770226176;1019.3685546875;92193.265625
NVIDIA GeForce RTX 2060 SUPER-CC7.5-7786MB;PyTorchProjectionPlusCrossEntropyLoss;int:1024;dtype:torch.int64;8192;2048;dtype:torch.float32;cuda;False;mean;-100;0.0;;0.226456;0.201597952;16.159861755371093;9.167112350463867
NVIDIA GeForce RTX 2060 SUPER-CC7.5-7786MB;PyTorchProjectionPlusCrossEntropyLoss;int:2048;dtype:torch.int64;8192;2048;dtype:torch.float32;cuda;False;mean;-100;0.0;;0.226516;0.29374976;31.554608154296876;9.195778846740723
NVIDIA GeForce RTX 2060 SUPER-CC7.5-7786MB;PyTorchProjectionPlusCrossEntropyLoss;int:4096;dtype:torch.int64;8192;2048;dtype:torch.float32;cuda;False;mean;-100;0.0;;0.226524;0.511869952;62.22899169921875;9.186311721801758
NVIDIA GeForce RTX 2060 SUPER-CC7.5-7786MB;PyTorchProjectionPlusCrossEntropyLoss;int:16384;dtype:torch.int64;8192;2048;dtype:torch.float32;cuda;False;mean;-100;0.0;;0.226464;1.820591104;273.5892333984375;9.176069259643555
NVIDIA GeForce RTX 2060 SUPER-CC7.5-7786MB;LinearCrossEntropyLoss;int:1024;dtype:torch.int64;8192;2048;dtype:torch.float32;cuda;False;mean;-100;0.0;;0.225056;0.201597952;16.072061157226564;9.167112350463867
NVIDIA GeForce RTX 2060 SUPER-CC7.5-7786MB;LinearCrossEntropyLoss;int:2048;dtype:torch.int64;8192;2048;dtype:torch.float32;cuda;False;mean;-100;0.0;;0.225168;0.29374976;31.402926635742187;9.195778846740723
NVIDIA GeForce RTX 2060 SUPER-CC7.5-7786MB;LinearCrossEntropyLoss;int:4096;dtype:torch.int64;8192;2048;dtype:torch.float32;cuda;False;mean;-100;0.0;;0.225224;0.511869952;62.273876953125;9.186311721801758
NVIDIA GeForce RTX 2060 SUPER-CC7.5-7786MB;LinearCrossEntropyLoss;int:16384;dtype:torch.int64;8192;2048;dtype:torch.float32;cuda;False;mean;-100;0.0;;0.225172;1.820591104;273.6593017578125;9.176069259643555
NVIDIA GeForce RTX 2060 SUPER-CC7.5-7786MB;FusedProjectionPlusCrossEntropyLoss[n_loop_iters=1];int:1024;dtype:torch.int64;8192;2048;dtype:torch.float32;cuda;False;mean;-100;0.0;;0.2637;0.201470464;16.2855224609375;9.188421249389648
NVIDIA GeForce RTX 2060 SUPER-CC7.5-7786MB;FusedProjectionPlusCrossEntropyLoss[n_loop_iters=1];int:2048;dtype:torch.int64;8192;2048;dtype:torch.float32;cuda;False;mean;-100;0.0;;0.26372;0.260203008;31.560464477539064;9.180207252502441
NVIDIA GeForce RTX 2060 SUPER-CC7.5-7786MB;FusedProjectionPlusCrossEntropyLoss[n_loop_iters=1];int:4096;dtype:torch.int64;8192;2048;dtype:torch.float32;cuda;False;mean;-100;0.0;;0.263636;0.377668096;61.74330444335938;9.177807807922363
NVIDIA GeForce RTX 2060 SUPER-CC7.5-7786MB;FusedProjectionPlusCrossEntropyLoss[n_loop_iters=1];int:16384;dtype:torch.int64;8192;2048;dtype:torch.float32;cuda;False;mean;-100;0.0;;0.263716;1.082458624;271.3661865234375;9.174919128417969
NVIDIA GeForce RTX 2060 SUPER-CC7.5-7786MB;FusedProjectionPlusCrossEntropyLoss[n_loop_iters=4];int:1024;dtype:torch.int64;8192;2048;dtype:torch.float32;cuda;False;mean;-100;0.0;;0.26412;0.170013184;16.9247802734375;9.188421249389648
NVIDIA GeForce RTX 2060 SUPER-CC7.5-7786MB;FusedProjectionPlusCrossEntropyLoss[n_loop_iters=4];int:2048;dtype:torch.int64;8192;2048;dtype:torch.float32;cuda;False;mean;-100;0.0;;0.264136;0.197288448;32.49497985839844;9.180207252502441
NVIDIA GeForce RTX 2060 SUPER-CC7.5-7786MB;FusedProjectionPlusCrossEntropyLoss[n_loop_iters=4];int:4096;dtype:torch.int64;8192;2048;dtype:torch.float32;cuda;False;mean;-100;0.0;;0.263988;0.251838976;62.260009765625;9.177807807922363
NVIDIA GeForce RTX 2060 SUPER-CC7.5-7786MB;FusedProjectionPlusCrossEntropyLoss[n_loop_iters=4];int:16384;dtype:torch.int64;8192;2048;dtype:torch.float32;cuda;False;mean;-100;0.0;;0.264064;0.579142144;244.441650390625;9.174919128417969
NVIDIA GeForce RTX 2060 SUPER-CC7.5-7786MB;PyTorchProjectionPlusCrossEntropyLoss;int:1024;dtype:torch.int64;8192;2048;dtype:torch.float32;cuda;False;sum;-100;0.0;;0.226456;0.201597952;16.123738098144532;9387.123046875
NVIDIA GeForce RTX 2060 SUPER-CC7.5-7786MB;PyTorchProjectionPlusCrossEntropyLoss;int:2048;dtype:torch.int64;8192;2048;dtype:torch.float32;cuda;False;sum;-100;0.0;;0.226524;0.29374976;31.279641723632814;18832.955078125
NVIDIA GeForce RTX 2060 SUPER-CC7.5-7786MB;PyTorchProjectionPlusCrossEntropyLoss;int:4096;dtype:torch.int64;8192;2048;dtype:torch.float32;cuda;False;sum;-100;0.0;;0.226464;0.511869952;62.208642578125;37627.1328125
NVIDIA GeForce RTX 2060 SUPER-CC7.5-7786MB;PyTorchProjectionPlusCrossEntropyLoss;int:16384;dtype:torch.int64;8192;2048;dtype:torch.float32;cuda;False;sum;-100;0.0;;0.226456;1.820591104;272.5888427734375;150340.71875
NVIDIA GeForce RTX 2060 SUPER-CC7.5-7786MB;LinearCrossEntropyLoss;int:1024;dtype:torch.int64;8192;2048;dtype:torch.float32;cuda;False;sum;-100;0.0;;0.225048;0.201597952;16.520303344726564;9387.123046875
NVIDIA GeForce RTX 2060 SUPER-CC7.5-7786MB;LinearCrossEntropyLoss;int:2048;dtype:torch.int64;8192;2048;dtype:torch.float32;cuda;False;sum;-100;0.0;;0.225108;0.29374976;31.342410278320312;18832.955078125
NVIDIA GeForce RTX 2060 SUPER-CC7.5-7786MB;LinearCrossEntropyLoss;int:4096;dtype:torch.int64;8192;2048;dtype:torch.float32;cuda;False;sum;-100;0.0;;0.225352;0.511869952;62.24820556640625;37627.1328125
NVIDIA GeForce RTX 2060 SUPER-CC7.5-7786MB;LinearCrossEntropyLoss;int:16384;dtype:torch.int64;8192;2048;dtype:torch.float32;cuda;False;sum;-100;0.0;;0.225236;1.820591104;272.053125;150340.71875
NVIDIA GeForce RTX 2060 SUPER-CC7.5-7786MB;FusedProjectionPlusCrossEntropyLoss[n_loop_iters=1];int:1024;dtype:torch.int64;8192;2048;dtype:torch.float32;cuda;False;sum;-100;0.0;;0.225028;0.201470464;16.43250274658203;9408.943359375
NVIDIA GeForce RTX 2060 SUPER-CC7.5-7786MB;FusedProjectionPlusCrossEntropyLoss[n_loop_iters=1];int:2048;dtype:torch.int64;8192;2048;dtype:torch.float32;cuda;False;sum;-100;0.0;;0.22504;0.260203008;31.403958129882813;18801.064453125
NVIDIA GeForce RTX 2060 SUPER-CC7.5-7786MB;FusedProjectionPlusCrossEntropyLoss[n_loop_iters=1];int:4096;dtype:torch.int64;8192;2048;dtype:torch.float32;cuda;False;sum;-100;0.0;;0.225028;0.377668096;61.61387939453125;37592.30078125
NVIDIA GeForce RTX 2060 SUPER-CC7.5-7786MB;FusedProjectionPlusCrossEntropyLoss[n_loop_iters=1];int:16384;dtype:torch.int64;8192;2048;dtype:torch.float32;cuda;False;sum;-100;0.0;;0.225044;1.082458624;271.25732421875;150321.875
NVIDIA GeForce RTX 2060 SUPER-CC7.5-7786MB;FusedProjectionPlusCrossEntropyLoss[n_loop_iters=4];int:1024;dtype:torch.int64;8192;2048;dtype:torch.float32;cuda;False;sum;-100;0.0;;0.225016;0.170013184;17.205354309082033;9408.943359375
NVIDIA GeForce RTX 2060 SUPER-CC7.5-7786MB;FusedProjectionPlusCrossEntropyLoss[n_loop_iters=4];int:2048;dtype:torch.int64;8192;2048;dtype:torch.float32;cuda;False;sum;-100;0.0;;0.225024;0.197288448;32.35199890136719;18801.064453125
NVIDIA GeForce RTX 2060 SUPER-CC7.5-7786MB;FusedProjectionPlusCrossEntropyLoss[n_loop_iters=4];int:4096;dtype:torch.int64;8192;2048;dtype:torch.float32;cuda;False;sum;-100;0.0;;0.225024;0.251838976;61.80396728515625;37592.30078125
NVIDIA GeForce RTX 2060 SUPER-CC7.5-7786MB;FusedProjectionPlusCrossEntropyLoss[n_loop_iters=4];int:16384;dtype:torch.int64;8192;2048;dtype:torch.float32;cuda;False;sum;-100;0.0;;0.22504;0.579142144;243.7945068359375;150321.875
NVIDIA GeForce RTX 2060 SUPER-CC7.5-7786MB;PyTorchProjectionPlusCrossEntropyLoss;int:8192;dtype:torch.int64;8192;1024;dtype:torch.float32;cuda;False;mean;-100;0.0;;0.226464;0.881001472;61.68153076171875;9.16950511932373
NVIDIA GeForce RTX 2060 SUPER-CC7.5-7786MB;PyTorchProjectionPlusCrossEntropyLoss;int:8192;dtype:torch.int64;8192;4096;dtype:torch.float32;cuda;False;mean;-100;0.0;;0.226524;1.082328064;240.636181640625;9.187373161315918
NVIDIA GeForce RTX 2060 SUPER-CC7.5-7786MB;PyTorchProjectionPlusCrossEntropyLoss;int:8192;dtype:torch.int64;8192;8192;dtype:torch.float32;cuda;False;mean;-100;0.0;;0.226456;1.3592832;479.322998046875;9.172808647155762
NVIDIA GeForce RTX 2060 SUPER-CC7.5-7786MB;LinearCrossEntropyLoss;int:8192;dtype:torch.int64;8192;1024;dtype:torch.float32;cuda;False;mean;-100;0.0;;0.225116;0.881001472;61.75108642578125;9.16950511932373
NVIDIA GeForce RTX 2060 SUPER-CC7.5-7786MB;LinearCrossEntropyLoss;int:8192;dtype:torch.int64;8192;4096;dtype:torch.float32;cuda;False;mean;-100;0.0;;0.225052;1.082328064;240.8258056640625;9.187373161315918
NVIDIA GeForce RTX 2060 SUPER-CC7.5-7786MB;LinearCrossEntropyLoss;int:8192;dtype:torch.int64;8192;8192;dtype:torch.float32;cuda;False;mean;-100;0.0;;0.225108;1.3592832;479.49638671875;9.172808647155762
NVIDIA GeForce RTX 2060 SUPER-CC7.5-7786MB;FusedProjectionPlusCrossEntropyLoss[n_loop_iters=1];int:8192;dtype:torch.int64;8192;1024;dtype:torch.float32;cuda;False;mean;-100;0.0;;0.264116;0.444826112;60.533380126953126;9.182428359985352
NVIDIA GeForce RTX 2060 SUPER-CC7.5-7786MB;FusedProjectionPlusCrossEntropyLoss[n_loop_iters=1];int:8192;dtype:torch.int64;8192;4096;dtype:torch.float32;cuda;False;mean;-100;0.0;;0.266124;0.948142592;240.623095703125;9.18443489074707
NVIDIA GeForce RTX 2060 SUPER-CC7.5-7786MB;FusedProjectionPlusCrossEntropyLoss[n_loop_iters=1];int:8192;dtype:torch.int64;8192;8192;dtype:torch.float32;cuda;False;mean;-100;0.0;;0.397196;1.619231232;482.448681640625;9.184762954711914
NVIDIA GeForce RTX 2060 SUPER-CC7.5-7786MB;FusedProjectionPlusCrossEntropyLoss[n_loop_iters=4];int:8192;dtype:torch.int64;8192;1024;dtype:torch.float32;cuda;False;mean;-100;0.0;;0.264052;0.218333696;63.084808349609375;9.182428359985352
NVIDIA GeForce RTX 2060 SUPER-CC7.5-7786MB;FusedProjectionPlusCrossEntropyLoss[n_loop_iters=4];int:8192;dtype:torch.int64;8192;4096;dtype:torch.float32;cuda;False;mean;-100;0.0;;0.266124;0.646152704;248.152783203125;9.18443489074707
NVIDIA GeForce RTX 2060 SUPER-CC7.5-7786MB;FusedProjectionPlusCrossEntropyLoss[n_loop_iters=4];int:8192;dtype:torch.int64;8192;8192;dtype:torch.float32;cuda;False;mean;-100;0.0;;0.397196;1.216578048;487.930859375;9.184762954711914
NVIDIA GeForce RTX 2060 SUPER-CC7.5-7786MB;PyTorchProjectionPlusCrossEntropyLoss;int:8192;dtype:torch.int64;8192;1024;dtype:torch.float32;cuda;False;sum;-100;0.0;;0.226516;0.881001472;61.715692138671876;75116.5859375
NVIDIA GeForce RTX 2060 SUPER-CC7.5-7786MB;PyTorchProjectionPlusCrossEntropyLoss;int:8192;dtype:torch.int64;8192;4096;dtype:torch.float32;cuda;False;sum;-100;0.0;;0.226456;1.082328064;241.018798828125;75262.9609375
NVIDIA GeForce RTX 2060 SUPER-CC7.5-7786MB;PyTorchProjectionPlusCrossEntropyLoss;int:8192;dtype:torch.int64;8192;8192;dtype:torch.float32;cuda;False;sum;-100;0.0;;0.226456;1.3592832;480.464892578125;75143.6484375
NVIDIA GeForce RTX 2060 SUPER-CC7.5-7786MB;LinearCrossEntropyLoss;int:8192;dtype:torch.int64;8192;1024;dtype:torch.float32;cuda;False;sum;-100;0.0;;0.225052;0.881001472;61.952508544921876;75116.5859375
NVIDIA GeForce RTX 2060 SUPER-CC7.5-7786MB;LinearCrossEntropyLoss;int:8192;dtype:torch.int64;8192;4096;dtype:torch.float32;cuda;False;sum;-100;0.0;;0.225116;1.082328064;241.6053955078125;75262.9609375
NVIDIA GeForce RTX 2060 SUPER-CC7.5-7786MB;LinearCrossEntropyLoss;int:8192;dtype:torch.int64;8192;8192;dtype:torch.float32;cuda;False;sum;-100;0.0;;0.225112;1.3592832;481.32919921875;75143.6484375
NVIDIA GeForce RTX 2060 SUPER-CC7.5-7786MB;FusedProjectionPlusCrossEntropyLoss[n_loop_iters=1];int:8192;dtype:torch.int64;8192;1024;dtype:torch.float32;cuda;False;sum;-100;0.0;;0.22502;0.444826112;60.65279541015625;75222.453125
NVIDIA GeForce RTX 2060 SUPER-CC7.5-7786MB;FusedProjectionPlusCrossEntropyLoss[n_loop_iters=1];int:8192;dtype:torch.int64;8192;4096;dtype:torch.float32;cuda;False;sum;-100;0.0;;0.266124;0.948142592;241.8229736328125;75238.890625
NVIDIA GeForce RTX 2060 SUPER-CC7.5-7786MB;FusedProjectionPlusCrossEntropyLoss[n_loop_iters=1];int:8192;dtype:torch.int64;8192;8192;dtype:torch.float32;cuda;False;sum;-100;0.0;;0.397196;1.619231232;483.732666015625;75241.578125
NVIDIA GeForce RTX 2060 SUPER-CC7.5-7786MB;FusedProjectionPlusCrossEntropyLoss[n_loop_iters=4];int:8192;dtype:torch.int64;8192;1024;dtype:torch.float32;cuda;False;sum;-100;0.0;;0.224956;0.218333696;63.165704345703126;75222.453125
NVIDIA GeForce RTX 2060 SUPER-CC7.5-7786MB;FusedProjectionPlusCrossEntropyLoss[n_loop_iters=4];int:8192;dtype:torch.int64;8192;4096;dtype:torch.float32;cuda;False;sum;-100;0.0;;0.266124;0.646152704;248.5838623046875;75238.890625
NVIDIA GeForce RTX 2060 SUPER-CC7.5-7786MB;FusedProjectionPlusCrossEntropyLoss[n_loop_iters=4];int:8192;dtype:torch.int64;8192;8192;dtype:torch.float32;cuda;False;sum;-100;0.0;;0.397196;1.216578048;488.640625;75241.578125
NVIDIA GeForce RTX 2060 SUPER-CC7.5-7786MB;FusedProjectionPlusCrossEntropyLoss[n_loop_iters=2];int:8192;dtype:torch.int64;2048;2048;dtype:torch.float32;cuda;False;mean;-100;0.0;;0.26432;0.24349952;32.08447265625;7.785902500152588
NVIDIA GeForce RTX 2060 SUPER-CC7.5-7786MB;FusedProjectionPlusCrossEntropyLoss[n_loop_iters=2];int:8192;dtype:torch.int64;4096;2048;dtype:torch.float32;cuda;False;mean;-100;0.0;;0.265156;0.310608384;60.67066650390625;8.477945327758789
NVIDIA GeForce RTX 2060 SUPER-CC7.5-7786MB;FusedProjectionPlusCrossEntropyLoss[n_loop_iters=2];int:8192;dtype:torch.int64;8192;2048;dtype:torch.float32;cuda;False;mean;-100;0.0;;0.265292;0.444826112;119.96328125;9.172849655151367
NVIDIA GeForce RTX 2060 SUPER-CC7.5-7786MB;FusedProjectionPlusCrossEntropyLoss[n_loop_iters=2];int:8192;dtype:torch.int64;16384;2048;dtype:torch.float32;cuda;False;mean;-100;0.0;;0.266936;0.713261568;234.956005859375;9.870903015136719
NVIDIA GeForce RTX 2060 SUPER-CC7.5-7786MB;FusedProjectionPlusCrossEntropyLoss[n_loop_iters=2];int:8192;dtype:torch.int64;32768;2048;dtype:torch.float32;cuda;False;mean;-100;0.0;;0.398152;1.25013248;469.621484375;10.55263614654541
NVIDIA GeForce RTX 2060 SUPER-CC7.5-7786MB;FusedProjectionPlusCrossEntropyLoss[n_loop_iters=2];int:8192;dtype:torch.int64;65536;2048;dtype:torch.float32;cuda;False;mean;-100;0.0;;0.660364;2.323874304;1005.86767578125;11.254060745239258
NVIDIA GeForce RTX 2060 SUPER-CC7.5-7786MB;FusedProjectionPlusCrossEntropyLoss[n_loop_iters=8];int:8192;dtype:torch.int64;2048;2048;dtype:torch.float32;cuda;False;mean;-100;0.0;;0.2641;0.193167872;32.315554809570315;7.785902500152588
NVIDIA GeForce RTX 2060 SUPER-CC7.5-7786MB;FusedProjectionPlusCrossEntropyLoss[n_loop_iters=8];int:8192;dtype:torch.int64;4096;2048;dtype:torch.float32;cuda;False;mean;-100;0.0;;0.265172;0.235110912;63.04899291992187;8.477945327758789
NVIDIA GeForce RTX 2060 SUPER-CC7.5-7786MB;FusedProjectionPlusCrossEntropyLoss[n_loop_iters=8];int:8192;dtype:torch.int64;8192;2048;dtype:torch.float32;cuda;False;mean;-100;0.0;;0.26524;0.318996992;122.17158203125;9.172849655151367
NVIDIA GeForce RTX 2060 SUPER-CC7.5-7786MB;FusedProjectionPlusCrossEntropyLoss[n_loop_iters=8];int:8192;dtype:torch.int64;16384;2048;dtype:torch.float32;cuda;False;mean;-100;0.0;;0.26702;0.486769152;242.9518798828125;9.870903015136719
NVIDIA GeForce RTX 2060 SUPER-CC7.5-7786MB;FusedProjectionPlusCrossEntropyLoss[n_loop_iters=8];int:8192;dtype:torch.int64;32768;2048;dtype:torch.float32;cuda;False;mean;-100;0.0;;0.39822;0.822313472;480.378466796875;10.55263614654541
NVIDIA GeForce RTX 2060 SUPER-CC7.5-7786MB;FusedProjectionPlusCrossEntropyLoss[n_loop_iters=8];int:8192;dtype:torch.int64;65536;2048;dtype:torch.float32;cuda;False;mean;-100;0.0;;0.660364;1.493402112;1011.8173828125;11.254060745239258
NVIDIA GeForce RTX 2060 SUPER-CC7.5-7786MB;FusedProjectionPlusCrossEntropyLoss[n_loop_iters=2];int:8192;dtype:torch.int64;2048;2048;dtype:torch.float32;cuda;False;sum;-100;0.0;;0.226372;0.24349952;31.46092834472656;63782.11328125
NVIDIA GeForce RTX 2060 SUPER-CC7.5-7786MB;FusedProjectionPlusCrossEntropyLoss[n_loop_iters=2];int:8192;dtype:torch.int64;4096;2048;dtype:torch.float32;cuda;False;sum;-100;0.0;;0.226352;0.310608384;62.03220825195312;69451.328125
NVIDIA GeForce RTX 2060 SUPER-CC7.5-7786MB;FusedProjectionPlusCrossEntropyLoss[n_loop_iters=2];int:8192;dtype:torch.int64;8192;2048;dtype:torch.float32;cuda;False;sum;-100;0.0;;0.226408;0.444826112;121.9951416015625;75143.984375
NVIDIA GeForce RTX 2060 SUPER-CC7.5-7786MB;FusedProjectionPlusCrossEntropyLoss[n_loop_iters=2];int:8192;dtype:torch.int64;16384;2048;dtype:torch.float32;cuda;False;sum;-100;0.0;;0.267016;0.713261568;240.0283203125;80862.4375
NVIDIA GeForce RTX 2060 SUPER-CC7.5-7786MB;FusedProjectionPlusCrossEntropyLoss[n_loop_iters=2];int:8192;dtype:torch.int64;32768;2048;dtype:torch.float32;cuda;False;sum;-100;0.0;;0.398216;1.25013248;477.814013671875;86447.1953125
NVIDIA GeForce RTX 2060 SUPER-CC7.5-7786MB;FusedProjectionPlusCrossEntropyLoss[n_loop_iters=2];int:8192;dtype:torch.int64;65536;2048;dtype:torch.float32;cuda;False;sum;-100;0.0;;0.66036;2.323874304;1019.6943359375;92193.265625
NVIDIA GeForce RTX 2060 SUPER-CC7.5-7786MB;FusedProjectionPlusCrossEntropyLoss[n_loop_iters=8];int:8192;dtype:torch.int64;2048;2048;dtype:torch.float32;cuda;False;sum;-100;0.0;;0.226084;0.193167872;32.624081420898435;63782.11328125
NVIDIA GeForce RTX 2060 SUPER-CC7.5-7786MB;FusedProjectionPlusCrossEntropyLoss[n_loop_iters=8];int:8192;dtype:torch.int64;4096;2048;dtype:torch.float32;cuda;False;sum;-100;0.0;;0.226408;0.235110912;63.44520874023438;69451.328125
NVIDIA GeForce RTX 2060 SUPER-CC7.5-7786MB;FusedProjectionPlusCrossEntropyLoss[n_loop_iters=8];int:8192;dtype:torch.int64;8192;2048;dtype:torch.float32;cuda;False;sum;-100;0.0;;0.226772;0.318996992;123.31490478515624;75143.984375
NVIDIA GeForce RTX 2060 SUPER-CC7.5-7786MB;FusedProjectionPlusCrossEntropyLoss[n_loop_iters=8];int:8192;dtype:torch.int64;16384;2048;dtype:torch.float32;cuda;False;sum;-100;0.0;;0.267208;0.486769152;244.844580078125;80862.4375
NVIDIA GeForce RTX 2060 SUPER-CC7.5-7786MB;FusedProjectionPlusCrossEntropyLoss[n_loop_iters=8];int:8192;dtype:torch.int64;32768;2048;dtype:torch.float32;cuda;False;sum;-100;0.0;;0.398216;0.822313472;486.003369140625;86447.1953125
NVIDIA GeForce RTX 2060 SUPER-CC7.5-7786MB;FusedProjectionPlusCrossEntropyLoss[n_loop_iters=8];int:8192;dtype:torch.int64;65536;2048;dtype:torch.float32;cuda;False;sum;-100;0.0;;0.660296;1.493402112;1018.3876953125;92193.265625
NVIDIA GeForce RTX 2060 SUPER-CC7.5-7786MB;FusedProjectionPlusCrossEntropyLoss[n_loop_iters=2];int:1024;dtype:torch.int64;8192;2048;dtype:torch.float32;cuda;False;mean;-100;0.0;;0.265224;0.180498944;16.73123779296875;9.188421249389648
NVIDIA GeForce RTX 2060 SUPER-CC7.5-7786MB;FusedProjectionPlusCrossEntropyLoss[n_loop_iters=2];int:2048;dtype:torch.int64;8192;2048;dtype:torch.float32;cuda;False;mean;-100;0.0;;0.265216;0.218259968;31.577557373046876;9.180207252502441
NVIDIA GeForce RTX 2060 SUPER-CC7.5-7786MB;FusedProjectionPlusCrossEntropyLoss[n_loop_iters=2];int:4096;dtype:torch.int64;8192;2048;dtype:torch.float32;cuda;False;mean;-100;0.0;;0.265288;0.293782016;61.84852905273438;9.177807807922363
NVIDIA GeForce RTX 2060 SUPER-CC7.5-7786MB;FusedProjectionPlusCrossEntropyLoss[n_loop_iters=2];int:16384;dtype:torch.int64;8192;2048;dtype:torch.float32;cuda;False;mean;-100;0.0;;0.26524;0.746914304;241.9494384765625;9.174919128417969
NVIDIA GeForce RTX 2060 SUPER-CC7.5-7786MB;FusedProjectionPlusCrossEntropyLoss[n_loop_iters=8];int:1024;dtype:torch.int64;8192;2048;dtype:torch.float32;cuda;False;mean;-100;0.0;;0.265156;0.164770304;17.54444122314453;9.188421249389648
NVIDIA GeForce RTX 2060 SUPER-CC7.5-7786MB;FusedProjectionPlusCrossEntropyLoss[n_loop_iters=8];int:2048;dtype:torch.int64;8192;2048;dtype:torch.float32;cuda;False;mean;-100;0.0;;0.265216;0.186802688;32.73280029296875;9.180207252502441
NVIDIA GeForce RTX 2060 SUPER-CC7.5-7786MB;FusedProjectionPlusCrossEntropyLoss[n_loop_iters=8];int:4096;dtype:torch.int64;8192;2048;dtype:torch.float32;cuda;False;mean;-100;0.0;;0.265216;0.230867456;63.932366943359376;9.177807807922363
NVIDIA GeForce RTX 2060 SUPER-CC7.5-7786MB;FusedProjectionPlusCrossEntropyLoss[n_loop_iters=8];int:16384;dtype:torch.int64;8192;2048;dtype:torch.float32;cuda;False;mean;-100;0.0;;0.265304;0.495256064;244.9385009765625;9.174919128417969
NVIDIA GeForce RTX 2060 SUPER-CC7.5-7786MB;FusedProjectionPlusCrossEntropyLoss[n_loop_iters=2];int:1024;dtype:torch.int64;8192;2048;dtype:torch.float32;cuda;False;sum;-100;0.0;;0.2264;0.180498944;16.80843505859375;9408.943359375
NVIDIA GeForce RTX 2060 SUPER-CC7.5-7786MB;FusedProjectionPlusCrossEntropyLoss[n_loop_iters=2];int:2048;dtype:torch.int64;8192;2048;dtype:torch.float32;cuda;False;sum;-100;0.0;;0.226328;0.218259968;31.40522155761719;18801.064453125
NVIDIA GeForce RTX 2060 SUPER-CC7.5-7786MB;FusedProjectionPlusCrossEntropyLoss[n_loop_iters=2];int:4096;dtype:torch.int64;8192;2048;dtype:torch.float32;cuda;False;sum;-100;0.0;;0.226396;0.293782016;61.6183349609375;37592.30078125
NVIDIA GeForce RTX 2060 SUPER-CC7.5-7786MB;FusedProjectionPlusCrossEntropyLoss[n_loop_iters=2];int:16384;dtype:torch.int64;8192;2048;dtype:torch.float32;cuda;False;sum;-100;0.0;;0.226836;0.746914304;241.3692626953125;150321.875
NVIDIA GeForce RTX 2060 SUPER-CC7.5-7786MB;FusedProjectionPlusCrossEntropyLoss[n_loop_iters=8];int:1024;dtype:torch.int64;8192;2048;dtype:torch.float32;cuda;False;sum;-100;0.0;;0.226884;0.164770304;17.359219360351563;9408.943359375
NVIDIA GeForce RTX 2060 SUPER-CC7.5-7786MB;FusedProjectionPlusCrossEntropyLoss[n_loop_iters=8];int:2048;dtype:torch.int64;8192;2048;dtype:torch.float32;cuda;False;sum;-100;0.0;;0.226388;0.186802688;32.69287109375;18801.064453125
NVIDIA GeForce RTX 2060 SUPER-CC7.5-7786MB;FusedProjectionPlusCrossEntropyLoss[n_loop_iters=8];int:4096;dtype:torch.int64;8192;2048;dtype:torch.float32;cuda;False;sum;-100;0.0;;0.22634;0.230867456;63.85872802734375;37592.30078125
NVIDIA GeForce RTX 2060 SUPER-CC7.5-7786MB;FusedProjectionPlusCrossEntropyLoss[n_loop_iters=8];int:16384;dtype:torch.int64;8192;2048;dtype:torch.float32;cuda;False;sum;-100;0.0;;0.226836;0.495256064;244.3616943359375;150321.875
NVIDIA GeForce RTX 2060 SUPER-CC7.5-7786MB;FusedProjectionPlusCrossEntropyLoss[n_loop_iters=2];int:8192;dtype:torch.int64;8192;1024;dtype:torch.float32;cuda;False;mean;-100;0.0;;0.265236;0.293831168;61.283319091796876;9.182428359985352
NVIDIA GeForce RTX 2060 SUPER-CC7.5-7786MB;FusedProjectionPlusCrossEntropyLoss[n_loop_iters=2];int:8192;dtype:torch.int64;8192;4096;dtype:torch.float32;cuda;False;mean;-100;0.0;;0.267208;0.746816;241.0455810546875;9.18443489074707
NVIDIA GeForce RTX 2060 SUPER-CC7.5-7786MB;FusedProjectionPlusCrossEntropyLoss[n_loop_iters=2];int:8192;dtype:torch.int64;8192;8192;dtype:torch.float32;cuda;False;mean;-100;0.0;;0.398216;1.350795776;481.370849609375;9.184762954711914
NVIDIA GeForce RTX 2060 SUPER-CC7.5-7786MB;FusedProjectionPlusCrossEntropyLoss[n_loop_iters=8];int:8192;dtype:torch.int64;8192;1024;dtype:torch.float32;cuda;False;mean;-100;0.0;;0.265164;0.18058496;63.740179443359374;9.182428359985352
NVIDIA GeForce RTX 2060 SUPER-CC7.5-7786MB;FusedProjectionPlusCrossEntropyLoss[n_loop_iters=8];int:8192;dtype:torch.int64;8192;4096;dtype:torch.float32;cuda;False;mean;-100;0.0;;0.26708;0.595821056;245.778759765625;9.18443489074707
NVIDIA GeForce RTX 2060 SUPER-CC7.5-7786MB;FusedProjectionPlusCrossEntropyLoss[n_loop_iters=8];int:8192;dtype:torch.int64;8192;8192;dtype:torch.float32;cuda;False;mean;-100;0.0;;0.398216;1.149469184;491.016162109375;9.184762954711914
NVIDIA GeForce RTX 2060 SUPER-CC7.5-7786MB;FusedProjectionPlusCrossEntropyLoss[n_loop_iters=2];int:8192;dtype:torch.int64;8192;1024;dtype:torch.float32;cuda;False;sum;-100;0.0;;0.226464;0.293831168;61.60543212890625;75222.453125
NVIDIA GeForce RTX 2060 SUPER-CC7.5-7786MB;FusedProjectionPlusCrossEntropyLoss[n_loop_iters=2];int:8192;dtype:torch.int64;8192;4096;dtype:torch.float32;cuda;False;sum;-100;0.0;;0.267144;0.746816;241.8429443359375;75238.890625
NVIDIA GeForce RTX 2060 SUPER-CC7.5-7786MB;FusedProjectionPlusCrossEntropyLoss[n_loop_iters=2];int:8192;dtype:torch.int64;8192;8192;dtype:torch.float32;cuda;False;sum;-100;0.0;;0.398152;1.350795776;482.190966796875;75241.578125
NVIDIA GeForce RTX 2060 SUPER-CC7.5-7786MB;FusedProjectionPlusCrossEntropyLoss[n_loop_iters=8];int:8192;dtype:torch.int64;8192;1024;dtype:torch.float32;cuda;False;sum;-100;0.0;;0.226408;0.18058496;63.69865112304687;75222.453125
NVIDIA GeForce RTX 2060 SUPER-CC7.5-7786MB;FusedProjectionPlusCrossEntropyLoss[n_loop_iters=8];int:8192;dtype:torch.int64;8192;4096;dtype:torch.float32;cuda;False;sum;-100;0.0;;0.267144;0.595821056;246.2401611328125;75238.890625
NVIDIA GeForce RTX 2060 SUPER-CC7.5-7786MB;FusedProjectionPlusCrossEntropyLoss[n_loop_iters=8];int:8192;dtype:torch.int64;8192;8192;dtype:torch.float32;cuda;False;sum;-100;0.0;;0.39828;1.149469184;491.407666015625;75241.578125
NVIDIA GeForce RTX 2060 SUPER-CC7.5-7786MB;PyTorchProjectionPlusCrossEntropyLoss;int:8192;dtype:torch.float32;2048;2048;dtype:torch.float32;cuda;False;mean;-100;0.0;;0.25368;0.360842752;34.51144104003906;7.791115760803223
NVIDIA GeForce RTX 2060 SUPER-CC7.5-7786MB;PyTorchProjectionPlusCrossEntropyLoss;int:8192;dtype:torch.float32;4096;2048;dtype:torch.float32;cuda;False;mean;-100;0.0;;0.253796;0.646055936;60.938330078125;8.484175682067871
NVIDIA GeForce RTX 2060 SUPER-CC7.5-7786MB;PyTorchProjectionPlusCrossEntropyLoss;int:8192;dtype:torch.float32;8192;2048;dtype:torch.float32;cuda;False;mean;-100;0.0;;0.253936;1.216482304;121.66922607421876;9.177594184875488
NVIDIA GeForce RTX 2060 SUPER-CC7.5-7786MB;PyTorchProjectionPlusCrossEntropyLoss;int:8192;dtype:torch.float32;16384;2048;dtype:torch.float32;cuda;False;mean;-100;0.0;;0.254156;2.35733504;245.5858642578125;9.87070083618164
NVIDIA GeForce RTX 2060 SUPER-CC7.5-7786MB;PyTorchProjectionPlusCrossEntropyLoss;int:8192;dtype:torch.float32;32768;2048;dtype:torch.float32;cuda;False;mean;-100;0.0;;0.253916;4.639040512;498.666748046875;10.563949584960938
NVIDIA GeForce RTX 2060 SUPER-CC7.5-7786MB;PyTorchProjectionPlusCrossEntropyLoss;int:8192;dtype:torch.float32;65536;2048;dtype:torch.float32;cuda;False;mean;-100;0.0;CUDA out of memory. Tried to allocate 2.00 GiB. GPU 0 has a total capacity of 7.60 GiB of which 1.44 GiB is free. Including non-PyTorch memory, this process has 6.16 GiB memory in use. Of the allocated memory 4.57 GiB is allocated by PyTorch, and 1.49 GiB is reserved by PyTorch but unallocated. If reserved but unallocated memory is large try setting PYTORCH_CUDA_ALLOC_CONF=expandable_segments:True to avoid fragmentation.  See documentation for Memory Management  (https://docs.pytorch.org/docs/stable/notes/cuda.html#optimizing-memory-usage-with-pytorch-cuda-alloc-conf);0.178452;4.907466752;0.0001888000057078898;None
NVIDIA GeForce RTX 2060 SUPER-CC7.5-7786MB;LinearCrossEntropyLoss;int:8192;dtype:torch.float32;2048;2048;dtype:torch.float32;cuda;False;mean;-100;0.0;;0.253816;0.360842752;31.67888488769531;7.791115760803223
NVIDIA GeForce RTX 2060 SUPER-CC7.5-7786MB;LinearCrossEntropyLoss;int:8192;dtype:torch.float32;4096;2048;dtype:torch.float32;cuda;False;mean;-100;0.0;;0.253916;0.646055936;61.1526123046875;8.484175682067871
NVIDIA GeForce RTX 2060 SUPER-CC7.5-7786MB;LinearCrossEntropyLoss;int:8192;dtype:torch.float32;8192;2048;dtype:torch.float32;cuda;False;mean;-100;0.0;;0.25374;1.216482304;122.40850830078125;9.177594184875488
NVIDIA GeForce RTX 2060 SUPER-CC7.5-7786MB;LinearCrossEntropyLoss;int:8192;dtype:torch.float32;16384;2048;dtype:torch.float32;cuda;False;mean;-100;0.0;;0.254124;2.35733504;248.3272216796875;9.87070083618164
NVIDIA GeForce RTX 2060 SUPER-CC7.5-7786MB;LinearCrossEntropyLoss;int:8192;dtype:torch.float32;32768;2048;dtype:torch.float32;cuda;False;mean;-100;0.0;;0.254;4.639040512;502.216162109375;10.563949584960938
NVIDIA GeForce RTX 2060 SUPER-CC7.5-7786MB;LinearCrossEntropyLoss;int:8192;dtype:torch.float32;65536;2048;dtype:torch.float32;cuda;False;mean;-100;0.0;CUDA out of memory. Tried to allocate 2.00 GiB. GPU 0 has a total capacity of 7.60 GiB of which 1.44 GiB is free. Including non-PyTorch memory, this process has 6.16 GiB memory in use. Of the allocated memory 4.57 GiB is allocated by PyTorch, and 1.49 GiB is reserved by PyTorch but unallocated. If reserved but unallocated memory is large try setting PYTORCH_CUDA_ALLOC_CONF=expandable_segments:True to avoid fragmentation.  See documentation for Memory Management  (https://docs.pytorch.org/docs/stable/notes/cuda.html#optimizing-memory-usage-with-pytorch-cuda-alloc-conf);0.178836;4.907466752;9.919999865815043e-05;None
NVIDIA GeForce RTX 2060 SUPER-CC7.5-7786MB;PyTorchProjectionPlusCrossEntropyLoss;int:8192;dtype:torch.float32;2048;2048;dtype:torch.float32;cuda;False;sum;-100;0.0;;0.252764;0.360842752;31.744906616210937;63824.8203125
NVIDIA GeForce RTX 2060 SUPER-CC7.5-7786MB;PyTorchProjectionPlusCrossEntropyLoss;int:8192;dtype:torch.float32;4096;2048;dtype:torch.float32;cuda;False;sum;-100;0.0;;0.253044;0.646055936;61.717254638671875;69502.3671875
NVIDIA GeForce RTX 2060 SUPER-CC7.5-7786MB;PyTorchProjectionPlusCrossEntropyLoss;int:8192;dtype:torch.float32;8192;2048;dtype:torch.float32;cuda;False;sum;-100;0.0;;0.25274;1.216482304;123.3967529296875;75182.8515625
NVIDIA GeForce RTX 2060 SUPER-CC7.5-7786MB;PyTorchProjectionPlusCrossEntropyLoss;int:8192;dtype:torch.float32;16384;2048;dtype:torch.float32;cuda;False;sum;-100;0.0;;0.252984;2.35733504;250.43212890625;80860.78125
NVIDIA GeForce RTX 2060 SUPER-CC7.5-7786MB;PyTorchProjectionPlusCrossEntropyLoss;int:8192;dtype:torch.float32;32768;2048;dtype:torch.float32;cuda;False;sum;-100;0.0;;0.254188;4.639040512;504.9001953125;86539.875
NVIDIA GeForce RTX 2060 SUPER-CC7.5-7786MB;PyTorchProjectionPlusCrossEntropyLoss;int:8192;dtype:torch.float32;65536;2048;dtype:torch.float32;cuda;False;sum;-100;0.0;CUDA out of memory. Tried to allocate 2.00 GiB. GPU 0 has a total capacity of 7.60 GiB of which 1.44 GiB is free. Including non-PyTorch memory, this process has 6.16 GiB memory in use. Of the allocated memory 4.57 GiB is allocated by PyTorch, and 1.49 GiB is reserved by PyTorch but unallocated. If reserved but unallocated memory is large try setting PYTORCH_CUDA_ALLOC_CONF=expandable_segments:True to avoid fragmentation.  See documentation for Memory Management  (https://docs.pytorch.org/docs/stable/notes/cuda.html#optimizing-memory-usage-with-pytorch-cuda-alloc-conf);0.179652;4.907466752;0.0001728000002913177;None
NVIDIA GeForce RTX 2060 SUPER-CC7.5-7786MB;LinearCrossEntropyLoss;int:8192;dtype:torch.float32;2048;2048;dtype:torch.float32;cuda;False;sum;-100;0.0;;0.252716;0.360842752;32.01681213378906;63824.8203125
NVIDIA GeForce RTX 2060 SUPER-CC7.5-7786MB;LinearCrossEntropyLoss;int:8192;dtype:torch.float32;4096;2048;dtype:torch.float32;cuda;False;sum;-100;0.0;;0.253056;0.646055936;61.8830322265625;69502.3671875
NVIDIA GeForce RTX 2060 SUPER-CC7.5-7786MB;LinearCrossEntropyLoss;int:8192;dtype:torch.float32;8192;2048;dtype:torch.float32;cuda;False;sum;-100;0.0;;0.25306;1.216482304;124.40733642578125;75182.8515625
NVIDIA GeForce RTX 2060 SUPER-CC7.5-7786MB;LinearCrossEntropyLoss;int:8192;dtype:torch.float32;16384;2048;dtype:torch.float32;cuda;False;sum;-100;0.0;;0.253;2.35733504;251.6052978515625;80860.78125
NVIDIA GeForce RTX 2060 SUPER-CC7.5-7786MB;LinearCrossEntropyLoss;int:8192;dtype:torch.float32;32768;2048;dtype:torch.float32;cuda;False;sum;-100;0.0;;0.253188;4.639040512;507.752978515625;86539.875
NVIDIA GeForce RTX 2060 SUPER-CC7.5-7786MB;LinearCrossEntropyLoss;int:8192;dtype:torch.float32;65536;2048;dtype:torch.float32;cuda;False;sum;-100;0.0;CUDA out of memory. Tried to allocate 2.00 GiB. GPU 0 has a total capacity of 7.60 GiB of which 1.44 GiB is free. Including non-PyTorch memory, this process has 6.16 GiB memory in use. Of the allocated memory 4.57 GiB is allocated by PyTorch, and 1.49 GiB is reserved by PyTorch but unallocated. If reserved but unallocated memory is large try setting PYTORCH_CUDA_ALLOC_CONF=expandable_segments:True to avoid fragmentation.  See documentation for Memory Management  (https://docs.pytorch.org/docs/stable/notes/cuda.html#optimizing-memory-usage-with-pytorch-cuda-alloc-conf);0.178648;4.907466752;0.00020479999948292972;None
NVIDIA GeForce RTX 2060 SUPER-CC7.5-7786MB;PyTorchProjectionPlusCrossEntropyLoss;int:1024;dtype:torch.float32;8192;2048;dtype:torch.float32;cuda;False;mean;-100;0.0;;0.254984;0.235144192;16.515455627441405;9.17796802520752
NVIDIA GeForce RTX 2060 SUPER-CC7.5-7786MB;PyTorchProjectionPlusCrossEntropyLoss;int:2048;dtype:torch.float32;8192;2048;dtype:torch.float32;cuda;False;mean;-100;0.0;;0.253776;0.360842752;31.859469604492187;9.177544593811035
NVIDIA GeForce RTX 2060 SUPER-CC7.5-7786MB;PyTorchProjectionPlusCrossEntropyLoss;int:4096;dtype:torch.float32;8192;2048;dtype:torch.float32;cuda;False;mean;-100;0.0;;0.25384;0.646055936;63.08636474609375;9.177616119384766
NVIDIA GeForce RTX 2060 SUPER-CC7.5-7786MB;PyTorchProjectionPlusCrossEntropyLoss;int:16384;dtype:torch.float32;8192;2048;dtype:torch.float32;cuda;False;mean;-100;0.0;;0.2533;2.35733504;278.728515625;9.177502632141113
NVIDIA GeForce RTX 2060 SUPER-CC7.5-7786MB;LinearCrossEntropyLoss;int:1024;dtype:torch.float32;8192;2048;dtype:torch.float32;cuda;False;mean;-100;0.0;;0.253672;0.235144192;16.182025146484374;9.17796802520752
NVIDIA GeForce RTX 2060 SUPER-CC7.5-7786MB;LinearCrossEntropyLoss;int:2048;dtype:torch.float32;8192;2048;dtype:torch.float32;cuda;False;mean;-100;0.0;;0.253676;0.360842752;31.83927001953125;9.177544593811035
NVIDIA GeForce RTX 2060 SUPER-CC7.5-7786MB;LinearCrossEntropyLoss;int:4096;dtype:torch.float32;8192;2048;dtype:torch.float32;cuda;False;mean;-100;0.0;;0.253904;0.646055936;63.1158203125;9.177616119384766
NVIDIA GeForce RTX 2060 SUPER-CC7.5-7786MB;LinearCrossEntropyLoss;int:16384;dtype:torch.float32;8192;2048;dtype:torch.float32;cuda;False;mean;-100;0.0;;0.25374;2.35733504;278.83203125;9.177502632141113
NVIDIA GeForce RTX 2060 SUPER-CC7.5-7786MB;PyTorchProjectionPlusCrossEntropyLoss;int:1024;dtype:torch.float32;8192;2048;dtype:torch.float32;cuda;False;sum;-100;0.0;;0.252676;0.235144192;16.958956909179687;9398.2392578125
NVIDIA GeForce RTX 2060 SUPER-CC7.5-7786MB;PyTorchProjectionPlusCrossEntropyLoss;int:2048;dtype:torch.float32;8192;2048;dtype:torch.float32;cuda;False;sum;-100;0.0;;0.254128;0.360842752;31.986968994140625;18795.611328125
NVIDIA GeForce RTX 2060 SUPER-CC7.5-7786MB;PyTorchProjectionPlusCrossEntropyLoss;int:4096;dtype:torch.float32;8192;2048;dtype:torch.float32;cuda;False;sum;-100;0.0;;0.253524;0.646055936;63.214593505859376;37591.515625
NVIDIA GeForce RTX 2060 SUPER-CC7.5-7786MB;PyTorchProjectionPlusCrossEntropyLoss;int:16384;dtype:torch.float32;8192;2048;dtype:torch.float32;cuda;False;sum;-100;0.0;;0.252804;2.35733504;278.3081787109375;150364.203125
NVIDIA GeForce RTX 2060 SUPER-CC7.5-7786MB;LinearCrossEntropyLoss;int:1024;dtype:torch.float32;8192;2048;dtype:torch.float32;cuda;False;sum;-100;0.0;;0.25318;0.235144192;16.783482360839844;9398.2392578125
NVIDIA GeForce RTX 2060 SUPER-CC7.5-7786MB;LinearCrossEntropyLoss;int:2048;dtype:torch.float32;8192;2048;dtype:torch.float32;cuda;False;sum;-100;0.0;;0.253124;0.360842752;32.03030090332031;18795.611328125
NVIDIA GeForce RTX 2060 SUPER-CC7.5-7786MB;LinearCrossEntropyLoss;int:4096;dtype:torch.float32;8192;2048;dtype:torch.float32;cuda;False;sum;-100;0.0;;0.252396;0.646055936;63.134759521484376;37591.515625
NVIDIA GeForce RTX 2060 SUPER-CC7.5-7786MB;LinearCrossEntropyLoss;int:16384;dtype:torch.float32;8192;2048;dtype:torch.float32;cuda;False;sum;-100;0.0;;0.25306;2.35733504;278.0959228515625;150364.203125
NVIDIA GeForce RTX 2060 SUPER-CC7.5-7786MB;PyTorchProjectionPlusCrossEntropyLoss;int:8192;dtype:torch.float32;8192;1024;dtype:torch.float32;cuda;False;mean;-100;0.0;;0.253592;1.14937344;64.6483154296875;9.177577018737793
NVIDIA GeForce RTX 2060 SUPER-CC7.5-7786MB;PyTorchProjectionPlusCrossEntropyLoss;int:8192;dtype:torch.float32;8192;4096;dtype:torch.float32;cuda;False;mean;-100;0.0;;0.253552;1.350700032;243.449560546875;9.177534103393555
NVIDIA GeForce RTX 2060 SUPER-CC7.5-7786MB;PyTorchProjectionPlusCrossEntropyLoss;int:8192;dtype:torch.float32;8192;8192;dtype:torch.float32;cuda;False;mean;-100;0.0;;0.253232;1.62765312;481.291455078125;9.177576065063477
NVIDIA GeForce RTX 2060 SUPER-CC7.5-7786MB;LinearCrossEntropyLoss;int:8192;dtype:torch.float32;8192;1024;dtype:torch.float32;cuda;False;mean;-100;0.0;;0.25392;1.14937344;64.700927734375;9.177577018737793
NVIDIA GeForce RTX 2060 SUPER-CC7.5-7786MB;LinearCrossEntropyLoss;int:8192;dtype:torch.float32;8192;4096;dtype:torch.float32;cuda;False;mean;-100;0.0;;0.253912;1.350700032;243.720849609375;9.177534103393555
NVIDIA GeForce RTX 2060 SUPER-CC7.5-7786MB;LinearCrossEntropyLoss;int:8192;dtype:torch.float32;8192;8192;dtype:torch.float32;cuda;False;mean;-100;0.0;;0.253736;1.62765312;482.194189453125;9.177576065063477
NVIDIA GeForce RTX 2060 SUPER-CC7.5-7786MB;PyTorchProjectionPlusCrossEntropyLoss;int:8192;dtype:torch.float32;8192;1024;dtype:torch.float32;cuda;False;sum;-100;0.0;;0.252984;1.14937344;64.73870849609375;75182.7109375
NVIDIA GeForce RTX 2060 SUPER-CC7.5-7786MB;PyTorchProjectionPlusCrossEntropyLoss;int:8192;dtype:torch.float32;8192;4096;dtype:torch.float32;cuda;False;sum;-100;0.0;;0.252732;1.350700032;244.6229736328125;75182.359375
NVIDIA GeForce RTX 2060 SUPER-CC7.5-7786MB;PyTorchProjectionPlusCrossEntropyLoss;int:8192;dtype:torch.float32;8192;8192;dtype:torch.float32;cuda;False;sum;-100;0.0;;0.254128;1.62765312;482.999560546875;75182.703125
NVIDIA GeForce RTX 2060 SUPER-CC7.5-7786MB;LinearCrossEntropyLoss;int:8192;dtype:torch.float32;8192;1024;dtype:torch.float32;cuda;False;sum;-100;0.0;;0.25246;1.14937344;64.91558227539062;75182.7109375
NVIDIA GeForce RTX 2060 SUPER-CC7.5-7786MB;LinearCrossEntropyLoss;int:8192;dtype:torch.float32;8192;4096;dtype:torch.float32;cuda;False;sum;-100;0.0;;0.253116;1.350700032;244.313427734375;75182.359375
NVIDIA GeForce RTX 2060 SUPER-CC7.5-7786MB;LinearCrossEntropyLoss;int:8192;dtype:torch.float32;8192;8192;dtype:torch.float32;cuda;False;sum;-100;0.0;;0.253;1.62765312;483.81708984375;75182.703125
